target,mean_IRR,power,n
0.606530659712633,0.601774076648715,0.995,500
0.612626394184416,0.610842093389996,0.993,500
0.618783391806141,0.619911489387798,0.992,500
0.625002268282701,0.620981435851153,0.991,500
0.631283645506926,0.627654122583734,0.988,500
0.637628151621773,0.635621908508972,0.983,500
0.644036421083141,0.641967937166457,0.982,500
0.650509094723317,0.649175595578017,0.98,500
0.657046819815057,0.654557740622526,0.962,500
0.663650250136319,0.662322756977181,0.965,500
0.670320046035639,0.671873021504326,0.949,500
0.677056874498165,0.679428155076785,0.944,500
0.683861409212356,0.682246681472038,0.945,500
0.690734330637355,0.688088910956475,0.937,500
0.697676326071031,0.700302765725804,0.912,500
0.704688089718713,0.704387378730126,0.91,500
0.71177032276261,0.713754257525195,0.88,500
0.718923733431926,0.721365621097805,0.871,500
0.726149037073691,0.725528537903809,0.863,500
0.733446956224289,0.73335291896325,0.849,500
0.740818220681718,0.737184880654996,0.826,500
0.748263567578565,0.752322007268733,0.782,500
0.755783741455725,0.752495110688119,0.774,500
0.763379494336853,0.760078383951905,0.711,500
0.771051585803566,0.775213938449917,0.658,500
0.778800783071405,0.774878121957463,0.679,500
0.786627861066553,0.779843932735049,0.672,500
0.794533602503334,0.795950928347779,0.594,500
0.802518797962479,0.800002939287151,0.576,500
0.810584245970187,0.812406091732509,0.526,500
0.818730753077982,0.819758294782774,0.49,500
0.826959133943362,0.829356214261897,0.431,500
0.835270211411272,0.839187983392099,0.39,500
0.843664816596384,0.848248867679387,0.358,500
0.852143788966211,0.848935934142546,0.363,500
0.860707976425058,0.858138549165935,0.321,500
0.869358235398806,0.866827283182253,0.292,500
0.878095430920561,0.878990255140135,0.243,500
0.886920436717158,0.886768276064194,0.226,500
0.895834135296528,0.892787412816297,0.212,500
0.90483741803596,0.903957746935672,0.171,500
0.913931185271228,0.910758539261315,0.159,500
0.923116346386636,0.92392676886676,0.114,500
0.932393819905948,0.934179141145448,0.086,500
0.941764533584249,0.940842399934292,0.101,500
0.951229424500714,0.94967671748453,0.083,500
0.960789439152323,0.959170999937933,0.075,500
0.970445533548508,0.970934605271093,0.075,500
0.980198673306755,0.978373469141463,0.043,500
0.990049833749168,0.997497443035876,0.054,500
1,1.00061683641383,0.042,500
0.606530659712633,0.603962724566429,1,600
0.612626394184416,0.612389713656694,0.999,600
0.618783391806141,0.616094384521622,1,600
0.625002268282701,0.621407732055633,0.996,600
0.631283645506926,0.633320384333956,0.997,600
0.637628151621773,0.636584139590475,0.993,600
0.644036421083141,0.641896802182564,0.995,600
0.650509094723317,0.645945846643658,0.99,600
0.657046819815057,0.655523226596434,0.985,600
0.663650250136319,0.664884108564446,0.98,600
0.670320046035639,0.671202624368994,0.977,600
0.677056874498165,0.679115793008214,0.976,600
0.683861409212356,0.684124409046573,0.97,600
0.690734330637355,0.692054216277905,0.961,600
0.697676326071031,0.698379901089682,0.953,600
0.704688089718713,0.703160095647563,0.949,600
0.71177032276261,0.712364629165866,0.939,600
0.718923733431926,0.718240759715613,0.918,600
0.726149037073691,0.723181672047431,0.907,600
0.733446956224289,0.730655653528031,0.912,600
0.740818220681718,0.740680486775422,0.88,600
0.748263567578565,0.746720880149236,0.856,600
0.755783741455725,0.75434931075335,0.828,600
0.763379494336853,0.762974593520424,0.803,600
0.771051585803566,0.769634772913763,0.769,600
0.778800783071405,0.781354963756296,0.741,600
0.786627861066553,0.783022988839649,0.715,600
0.794533602503334,0.798741850599829,0.665,600
0.802518797962479,0.807956006550389,0.613,600
0.810584245970187,0.808890390745045,0.611,600
0.818730753077982,0.816079967285354,0.572,600
0.826959133943362,0.8287653714421,0.512,600
0.835270211411272,0.836385868600405,0.487,600
0.843664816596384,0.844477853051709,0.434,600
0.852143788966211,0.854686293248466,0.387,600
0.860707976425058,0.857002705606909,0.371,600
0.869358235398806,0.865299866464823,0.348,600
0.878095430920561,0.87471115304398,0.292,600
0.886920436717158,0.88702801573907,0.266,600
0.895834135296528,0.89202167793153,0.232,600
0.90483741803596,0.902887775131991,0.199,600
0.913931185271228,0.912329675049335,0.154,600
0.923116346386636,0.924949745761498,0.13,600
0.932393819905948,0.935170938780595,0.118,600
0.941764533584249,0.939190379730841,0.107,600
0.951229424500714,0.950202223085174,0.088,600
0.960789439152323,0.958878361097607,0.068,600
0.970445533548508,0.976478185579216,0.047,600
0.980198673306755,0.975209431130885,0.058,600
0.990049833749168,0.988988596656072,0.047,600
1,1.00272417989285,0.056,600
0.606530659712633,0.606404595667876,1,700
0.612626394184416,0.609936610474468,1,700
0.618783391806141,0.616820548938735,1,700
0.625002268282701,0.619013958872814,1,700
0.631283645506926,0.630856349755705,0.999,700
0.637628151621773,0.63710525723995,1,700
0.644036421083141,0.643420910653608,0.996,700
0.650509094723317,0.651021281846182,1,700
0.657046819815057,0.658832759682921,0.996,700
0.663650250136319,0.661540370268569,0.994,700
0.670320046035639,0.670409153947776,0.991,700
0.677056874498165,0.67679738362314,0.991,700
0.683861409212356,0.681282102457804,0.99,700
0.690734330637355,0.689598422632398,0.982,700
0.697676326071031,0.698201381837985,0.98,700
0.704688089718713,0.705358812794021,0.978,700
0.71177032276261,0.711180866241803,0.967,700
0.718923733431926,0.722314948646334,0.95,700
0.726149037073691,0.723551569626204,0.952,700
0.733446956224289,0.734086655811449,0.921,700
0.740818220681718,0.742412627492862,0.915,700
0.748263567578565,0.747176820621063,0.91,700
0.755783741455725,0.754500101806435,0.89,700
0.763379494336853,0.764045090341384,0.872,700
0.771051585803566,0.771885774747496,0.837,700
0.778800783071405,0.776683925600028,0.798,700
0.786627861066553,0.784955770174851,0.785,700
0.794533602503334,0.79344335287408,0.759,700
0.802518797962479,0.800781446254871,0.722,700
0.810584245970187,0.807494856726228,0.687,700
0.818730753077982,0.817381800713914,0.639,700
0.826959133943362,0.82572297125018,0.592,700
0.835270211411272,0.834999999049616,0.552,700
0.843664816596384,0.845526396890649,0.486,700
0.852143788966211,0.856255359188498,0.434,700
0.860707976425058,0.862501595046883,0.417,700
0.869358235398806,0.867233488509039,0.382,700
0.878095430920561,0.880769196903451,0.312,700
0.886920436717158,0.888968548881732,0.281,700
0.895834135296528,0.892653494964251,0.28,700
0.90483741803596,0.903362312504558,0.218,700
0.913931185271228,0.913133175385079,0.184,700
0.923116346386636,0.919489570249012,0.164,700
0.932393819905948,0.934114821049894,0.112,700
0.941764533584249,0.940111409038941,0.12,700
0.951229424500714,0.954356661807275,0.094,700
0.960789439152323,0.962946570019524,0.081,700
0.970445533548508,0.971231876328068,0.083,700
0.980198673306755,0.984262079776035,0.058,700
0.990049833749168,0.989634592787568,0.055,700
1,1.00104742321297,0.04,700
0.606530659712633,0.605185303718137,1,800
0.612626394184416,0.613109088026945,1,800
0.618783391806141,0.616760270454966,0.999,800
0.625002268282701,0.623073374959007,1,800
0.631283645506926,0.629663358890775,1,800
0.637628151621773,0.636012415071067,1,800
0.644036421083141,0.641435491443162,0.998,800
0.650509094723317,0.648119099313634,1,800
0.657046819815057,0.652020512669313,0.999,800
0.663650250136319,0.662160606513635,0.996,800
0.670320046035639,0.668832406390317,0.995,800
0.677056874498165,0.677190897153613,0.997,800
0.683861409212356,0.683591150042893,0.992,800
0.690734330637355,0.686692824162858,0.99,800
0.697676326071031,0.698317775794207,0.988,800
0.704688089718713,0.703424539518923,0.982,800
0.71177032276261,0.712964104331175,0.98,800
0.718923733431926,0.717054968462404,0.975,800
0.726149037073691,0.723288514033423,0.974,800
0.733446956224289,0.72985433896543,0.959,800
0.740818220681718,0.739899627821727,0.964,800
0.748263567578565,0.747665012812532,0.947,800
0.755783741455725,0.753038418486312,0.921,800
0.763379494336853,0.763236880013908,0.903,800
0.771051585803566,0.768151440409426,0.882,800
0.778800783071405,0.782729467303885,0.822,800
0.786627861066553,0.789419977258068,0.822,800
0.794533602503334,0.791395028278113,0.799,800
0.802518797962479,0.805192944090737,0.761,800
0.810584245970187,0.811702328557803,0.725,800
0.818730753077982,0.817227384651413,0.696,800
0.826959133943362,0.829534385427209,0.648,800
0.835270211411272,0.833972339060905,0.623,800
0.843664816596384,0.843877926127574,0.543,800
0.852143788966211,0.85222268720852,0.523,800
0.860707976425058,0.857786927807824,0.491,800
0.869358235398806,0.870611982306401,0.41,800
0.878095430920561,0.875776778455907,0.374,800
0.886920436717158,0.887687028382997,0.316,800
0.895834135296528,0.89536470104248,0.263,800
0.90483741803596,0.904191768421866,0.246,800
0.913931185271228,0.914197755867716,0.204,800
0.923116346386636,0.924141302004703,0.17,800
0.932393819905948,0.934911770761307,0.122,800
0.941764533584249,0.938975283787395,0.119,800
0.951229424500714,0.954912233105889,0.09,800
0.960789439152323,0.960375939756236,0.073,800
0.970445533548508,0.973719474114256,0.067,800
0.980198673306755,0.97979088530878,0.052,800
0.990049833749168,0.987136985338603,0.063,800
1,1.00243948177695,0.055,800
0.606530659712633,0.604588236799843,1,900
0.612626394184416,0.61186677247632,1,900
0.618783391806141,0.617023879854742,1,900
0.625002268282701,0.623591268734768,1,900
0.631283645506926,0.634427223865471,1,900
0.637628151621773,0.635236090489635,1,900
0.644036421083141,0.644217372946026,1,900
0.650509094723317,0.650186397498151,1,900
0.657046819815057,0.653942129226906,1,900
0.663650250136319,0.665248842803007,0.999,900
0.670320046035639,0.667586740471606,0.997,900
0.677056874498165,0.676804804918741,1,900
0.683861409212356,0.685733029449363,0.994,900
0.690734330637355,0.693032949650338,0.996,900
0.697676326071031,0.696984583489425,0.993,900
0.704688089718713,0.704515309700368,0.991,900
0.71177032276261,0.710153714245926,0.989,900
0.718923733431926,0.71805545142522,0.993,900
0.726149037073691,0.726114432955039,0.978,900
0.733446956224289,0.731792788105322,0.976,900
0.740818220681718,0.73823762179395,0.969,900
0.748263567578565,0.746745020136746,0.965,900
0.755783741455725,0.754663636923848,0.958,900
0.763379494336853,0.760910581373388,0.937,900
0.771051585803566,0.770570798192267,0.914,900
0.778800783071405,0.77549349573979,0.906,900
0.786627861066553,0.788796249438328,0.87,900
0.794533602503334,0.79499923536304,0.84,900
0.802518797962479,0.802553015553569,0.819,900
0.810584245970187,0.808097398239189,0.81,900
0.818730753077982,0.817597037354295,0.741,900
0.826959133943362,0.826071238086187,0.728,900
0.835270211411272,0.836159997560403,0.64,900
0.843664816596384,0.845069577240038,0.59,900
0.852143788966211,0.85277533376813,0.551,900
0.860707976425058,0.861389562280302,0.497,900
0.869358235398806,0.870392212006605,0.455,900
0.878095430920561,0.875240783768804,0.442,900
0.886920436717158,0.886713660343642,0.361,900
0.895834135296528,0.896858453520087,0.313,900
0.90483741803596,0.902352078298475,0.297,900
0.913931185271228,0.917557940574647,0.187,900
0.923116346386636,0.921288608201632,0.218,900
0.932393819905948,0.932173690295613,0.134,900
0.941764533584249,0.944035654314857,0.116,900
0.951229424500714,0.951015790343053,0.125,900
0.960789439152323,0.960169711540161,0.095,900
0.970445533548508,0.970117152810673,0.078,900
0.980198673306755,0.981936390312032,0.057,900
0.990049833749168,0.990329318437199,0.043,900
1,1.00295518089271,0.053,900
0.606530659712633,0.60387462772959,1,1000
0.612626394184416,0.609319469445996,1,1000
0.618783391806141,0.616548990403502,1,1000
0.625002268282701,0.62361808940453,1,1000
0.631283645506926,0.632332968835752,1,1000
0.637628151621773,0.638255992232783,1,1000
0.644036421083141,0.643050753606488,1,1000
0.650509094723317,0.65152181223857,1,1000
0.657046819815057,0.660695961133514,1,1000
0.663650250136319,0.665358815378021,0.999,1000
0.670320046035639,0.670909675420628,1,1000
0.677056874498165,0.678040978394449,1,1000
0.683861409212356,0.684091412905517,1,1000
0.690734330637355,0.69169613596697,0.999,1000
0.697676326071031,0.698983754328582,0.998,1000
0.704688089718713,0.702166158954645,0.997,1000
0.71177032276261,0.709515927410614,0.994,1000
0.718923733431926,0.718495336127854,0.993,1000
0.726149037073691,0.72267864707144,0.989,1000
0.733446956224289,0.733234138081571,0.99,1000
0.740818220681718,0.740980420426279,0.982,1000
0.748263567578565,0.746584605610617,0.974,1000
0.755783741455725,0.756037503771375,0.967,1000
0.763379494336853,0.763572883842438,0.965,1000
0.771051585803566,0.772466556326772,0.939,1000
0.778800783071405,0.777491968726837,0.927,1000
0.786627861066553,0.784534477569328,0.91,1000
0.794533602503334,0.794548351126903,0.888,1000
0.802518797962479,0.800786972427434,0.865,1000
0.810584245970187,0.811392569323065,0.815,1000
0.818730753077982,0.819495636570083,0.782,1000
0.826959133943362,0.826302320338779,0.753,1000
0.835270211411272,0.833917727041041,0.691,1000
0.843664816596384,0.845686523234111,0.645,1000
0.852143788966211,0.850821892045234,0.629,1000
0.860707976425058,0.861594850314355,0.55,1000
0.869358235398806,0.867724007266335,0.496,1000
0.878095430920561,0.88067266192119,0.405,1000
0.886920436717158,0.885706860297333,0.395,1000
0.895834135296528,0.894119327784008,0.363,1000
0.90483741803596,0.903938586377308,0.306,1000
0.913931185271228,0.913941970907086,0.235,1000
0.923116346386636,0.923160650420707,0.191,1000
0.932393819905948,0.934524351950707,0.153,1000
0.941764533584249,0.940776222129245,0.144,1000
0.951229424500714,0.947487513550082,0.139,1000
0.960789439152323,0.958442987348352,0.101,1000
0.970445533548508,0.971012853677226,0.087,1000
0.980198673306755,0.98180221200698,0.055,1000
0.990049833749168,0.989356871744804,0.06,1000
1,1.00337343977142,0.048,1000
0.606530659712633,0.606742006086272,1,1100
0.612626394184416,0.609022677757935,1,1100
0.618783391806141,0.617823557307074,1,1100
0.625002268282701,0.622478577670071,1,1100
0.631283645506926,0.632056762845216,1,1100
0.637628151621773,0.635033366412554,1,1100
0.644036421083141,0.644307384529446,1,1100
0.650509094723317,0.64924387744426,1,1100
0.657046819815057,0.656884294572492,1,1100
0.663650250136319,0.661179318773877,1,1100
0.670320046035639,0.673197844528096,0.999,1100
0.677056874498165,0.67415366530572,0.999,1100
0.683861409212356,0.68201485335341,1,1100
0.690734330637355,0.691519512013045,0.999,1100
0.697676326071031,0.695005320991531,1,1100
0.704688089718713,0.705250029573996,0.998,1100
0.71177032276261,0.709230771271225,0.995,1100
0.718923733431926,0.718774613804505,0.995,1100
0.726149037073691,0.728091789586648,0.993,1100
0.733446956224289,0.732177749713783,0.991,1100
0.740818220681718,0.742278640433092,0.985,1100
0.748263567578565,0.745842555045222,0.988,1100
0.755783741455725,0.756656182188464,0.979,1100
0.763379494336853,0.765508347671264,0.961,1100
0.771051585803566,0.770793786518193,0.959,1100
0.778800783071405,0.781680781049435,0.935,1100
0.786627861066553,0.789358861631999,0.926,1100
0.794533602503334,0.795339780413226,0.905,1100
0.802518797962479,0.80246890221237,0.873,1100
0.810584245970187,0.80744048267948,0.872,1100
0.818730753077982,0.814296404878154,0.854,1100
0.826959133943362,0.828766538784013,0.784,1100
0.835270211411272,0.834908085286588,0.745,1100
0.843664816596384,0.844038020231972,0.705,1100
0.852143788966211,0.850827517894872,0.649,1100
0.860707976425058,0.858040537962881,0.613,1100
0.869358235398806,0.868378782599296,0.553,1100
0.878095430920561,0.880344334238117,0.461,1100
0.886920436717158,0.888031033195054,0.421,1100
0.895834135296528,0.895501594465156,0.385,1100
0.90483741803596,0.901131194215433,0.353,1100
0.913931185271228,0.913872849504579,0.276,1100
0.923116346386636,0.92122685338177,0.236,1100
0.932393819905948,0.933302222682073,0.174,1100
0.941764533584249,0.943305819514029,0.141,1100
0.951229424500714,0.955694229651142,0.097,1100
0.960789439152323,0.960945849426585,0.092,1100
0.970445533548508,0.971473312145862,0.078,1100
0.980198673306755,0.979404474775173,0.071,1100
0.990049833749168,0.991135106542711,0.03,1100
1,1.00169796227391,0.058,1100
0.606530659712633,0.608027427208836,1,1200
0.612626394184416,0.61249068980891,1,1200
0.618783391806141,0.618856419878411,1,1200
0.625002268282701,0.624910457741491,1,1200
0.631283645506926,0.633403048355516,1,1200
0.637628151621773,0.635925430200371,1,1200
0.644036421083141,0.643298002329534,1,1200
0.650509094723317,0.648797481811712,1,1200
0.657046819815057,0.656784309080143,1,1200
0.663650250136319,0.666083930127351,1,1200
0.670320046035639,0.670928346141513,1,1200
0.677056874498165,0.675411576200979,1,1200
0.683861409212356,0.68322577082179,1,1200
0.690734330637355,0.68845624937495,0.999,1200
0.697676326071031,0.69875266928908,0.999,1200
0.704688089718713,0.707323696316373,1,1200
0.71177032276261,0.710912306747013,0.998,1200
0.718923733431926,0.71987373924978,1,1200
0.726149037073691,0.723652504435389,0.996,1200
0.733446956224289,0.730574022212181,0.996,1200
0.740818220681718,0.74082033767822,0.995,1200
0.748263567578565,0.749441132534713,0.988,1200
0.755783741455725,0.755739739181761,0.986,1200
0.763379494336853,0.763240888308461,0.973,1200
0.771051585803566,0.771151372820106,0.978,1200
0.778800783071405,0.780314126968713,0.957,1200
0.786627861066553,0.787348413980078,0.954,1200
0.794533602503334,0.791741168421025,0.941,1200
0.802518797962479,0.80004679213253,0.903,1200
0.810584245970187,0.811189020622483,0.874,1200
0.818730753077982,0.819406234397543,0.854,1200
0.826959133943362,0.826338854744011,0.813,1200
0.835270211411272,0.834590706833863,0.79,1200
0.843664816596384,0.843540337093511,0.737,1200
0.852143788966211,0.851642134156178,0.689,1200
0.860707976425058,0.860094706033256,0.619,1200
0.869358235398806,0.872700426382025,0.561,1200
0.878095430920561,0.879133126198286,0.513,1200
0.886920436717158,0.886393478138457,0.462,1200
0.895834135296528,0.894432375929885,0.396,1200
0.90483741803596,0.904783000352887,0.336,1200
0.913931185271228,0.915666980625614,0.29,1200
0.923116346386636,0.918619627709311,0.269,1200
0.932393819905948,0.932257917018033,0.202,1200
0.941764533584249,0.938857882913201,0.163,1200
0.951229424500714,0.947444791016527,0.132,1200
0.960789439152323,0.957067847048146,0.1,1200
0.970445533548508,0.970237338614085,0.071,1200
0.980198673306755,0.978660287446848,0.051,1200
0.990049833749168,0.989904209006885,0.054,1200
1,1.00123107999257,0.052,1200
0.606530659712633,0.605247206920159,1,1300
0.612626394184416,0.612443729850229,1,1300
0.618783391806141,0.617437544443527,1,1300
0.625002268282701,0.624341065401984,1,1300
0.631283645506926,0.630510411374221,1,1300
0.637628151621773,0.63674968152085,1,1300
0.644036421083141,0.640031029448352,1,1300
0.650509094723317,0.650641536482667,1,1300
0.657046819815057,0.656060846742864,1,1300
0.663650250136319,0.6615262096265,1,1300
0.670320046035639,0.667848467268566,1,1300
0.677056874498165,0.677930104723617,1,1300
0.683861409212356,0.683221290900701,1,1300
0.690734330637355,0.691750239276257,1,1300
0.697676326071031,0.698562304406827,1,1300
0.704688089718713,0.702569408314791,0.999,1300
0.71177032276261,0.712076062451363,0.999,1300
0.718923733431926,0.721448551057922,0.997,1300
0.726149037073691,0.727400121031153,0.999,1300
0.733446956224289,0.733355231495825,0.996,1300
0.740818220681718,0.74035106809085,0.996,1300
0.748263567578565,0.746547039107965,0.996,1300
0.755783741455725,0.755404076337269,0.989,1300
0.763379494336853,0.763412180339802,0.982,1300
0.771051585803566,0.768887185789985,0.981,1300
0.778800783071405,0.779399516601991,0.976,1300
0.786627861066553,0.787476111527357,0.95,1300
0.794533602503334,0.792499589815227,0.947,1300
0.802518797962479,0.799742939326609,0.932,1300
0.810584245970187,0.809251891524024,0.918,1300
0.818730753077982,0.81724542843161,0.886,1300
0.826959133943362,0.824936720711041,0.85,1300
0.835270211411272,0.832505813808772,0.82,1300
0.843664816596384,0.842610833240134,0.784,1300
0.852143788966211,0.851435063865163,0.713,1300
0.860707976425058,0.861069380418001,0.656,1300
0.869358235398806,0.868946439465489,0.626,1300
0.878095430920561,0.877892554389715,0.563,1300
0.886920436717158,0.888877250672674,0.474,1300
0.895834135296528,0.894324005630966,0.447,1300
0.90483741803596,0.904558128295653,0.353,1300
0.913931185271228,0.916389710231775,0.296,1300
0.923116346386636,0.923710851444048,0.249,1300
0.932393819905948,0.929580521678244,0.231,1300
0.941764533584249,0.941993859050255,0.182,1300
0.951229424500714,0.954696722651728,0.116,1300
0.960789439152323,0.963110316056629,0.086,1300
0.970445533548508,0.970733992769424,0.084,1300
0.980198673306755,0.977621472462606,0.075,1300
0.990049833749168,0.988825167354761,0.048,1300
1,1.00085930180858,0.056,1300
0.606530659712633,0.605645764730775,1,1400
0.612626394184416,0.611735266930502,1,1400
0.618783391806141,0.621178879793563,1,1400
0.625002268282701,0.624738599964458,1,1400
0.631283645506926,0.632044811247695,1,1400
0.637628151621773,0.635773943114391,1,1400
0.644036421083141,0.64348258912452,1,1400
0.650509094723317,0.651015013239114,1,1400
0.657046819815057,0.658545991749897,1,1400
0.663650250136319,0.664391347669978,1,1400
0.670320046035639,0.668623363464735,1,1400
0.677056874498165,0.678876644060495,1,1400
0.683861409212356,0.687696208238057,1,1400
0.690734330637355,0.688966914304001,1,1400
0.697676326071031,0.697525620128767,1,1400
0.704688089718713,0.701938794580182,1,1400
0.71177032276261,0.712375559783741,1,1400
0.718923733431926,0.719732647375276,0.998,1400
0.726149037073691,0.724715922875211,0.999,1400
0.733446956224289,0.733589698811696,0.998,1400
0.740818220681718,0.737485382514958,0.998,1400
0.748263567578565,0.749491491218011,0.994,1400
0.755783741455725,0.755253343628093,0.991,1400
0.763379494336853,0.762030004056323,0.99,1400
0.771051585803566,0.769608859159168,0.989,1400
0.778800783071405,0.779133346379667,0.981,1400
0.786627861066553,0.785887580212835,0.97,1400
0.794533602503334,0.791576914151003,0.966,1400
0.802518797962479,0.800655445864083,0.94,1400
0.810584245970187,0.809359397253287,0.935,1400
0.818730753077982,0.82037301428168,0.9,1400
0.826959133943362,0.828519781498945,0.864,1400
0.835270211411272,0.836131211832317,0.83,1400
0.843664816596384,0.841942992614291,0.806,1400
0.852143788966211,0.851072039751791,0.748,1400
0.860707976425058,0.862682587916394,0.698,1400
0.869358235398806,0.867049281664031,0.654,1400
0.878095430920561,0.879837355734392,0.57,1400
0.886920436717158,0.885910244102194,0.529,1400
0.895834135296528,0.894769454600403,0.435,1400
0.90483741803596,0.90363470234488,0.376,1400
0.913931185271228,0.914667781612743,0.326,1400
0.923116346386636,0.923340066449955,0.273,1400
0.932393819905948,0.92993502298322,0.245,1400
0.941764533584249,0.941491131379852,0.162,1400
0.951229424500714,0.950402121131715,0.147,1400
0.960789439152323,0.95847466778418,0.114,1400
0.970445533548508,0.968124316599027,0.075,1400
0.980198673306755,0.979159054566973,0.059,1400
0.990049833749168,0.99088729363122,0.043,1400
1,0.997826608526747,0.061,1400
0.606530659712633,0.607632091769849,1,1500
0.612626394184416,0.612639292971124,1,1500
0.618783391806141,0.619060150733752,1,1500
0.625002268282701,0.623453210317291,1,1500
0.631283645506926,0.630876742648784,1,1500
0.637628151621773,0.636886529279923,1,1500
0.644036421083141,0.642875209278809,1,1500
0.650509094723317,0.651107607005281,1,1500
0.657046819815057,0.656404575191468,1,1500
0.663650250136319,0.663380010113636,1,1500
0.670320046035639,0.669115531991666,1,1500
0.677056874498165,0.677996431591556,1,1500
0.683861409212356,0.682368812373557,1,1500
0.690734330637355,0.690480279377448,1,1500
0.697676326071031,0.69623458100786,1,1500
0.704688089718713,0.70690807979815,1,1500
0.71177032276261,0.710194319340054,1,1500
0.718923733431926,0.720543216655591,1,1500
0.726149037073691,0.725512071297077,0.999,1500
0.733446956224289,0.73394066741203,1,1500
0.740818220681718,0.738207382792767,0.999,1500
0.748263567578565,0.746036842255689,0.999,1500
0.755783741455725,0.755032904667428,0.996,1500
0.763379494336853,0.764431028752139,0.992,1500
0.771051585803566,0.770580311274189,0.993,1500
0.778800783071405,0.778403463366395,0.987,1500
0.786627861066553,0.788295052137265,0.966,1500
0.794533602503334,0.795463840878267,0.972,1500
0.802518797962479,0.80465648214294,0.949,1500
0.810584245970187,0.810390892718057,0.934,1500
0.818730753077982,0.819702362054029,0.925,1500
0.826959133943362,0.827143839330144,0.898,1500
0.835270211411272,0.834783169623677,0.881,1500
0.843664816596384,0.842368874857695,0.828,1500
0.852143788966211,0.853580329572005,0.762,1500
0.860707976425058,0.864936506916305,0.683,1500
0.869358235398806,0.868925136433612,0.671,1500
0.878095430920561,0.876635106413609,0.614,1500
0.886920436717158,0.885327555658166,0.535,1500
0.895834135296528,0.895802677892813,0.478,1500
0.90483741803596,0.903290688493249,0.42,1500
0.913931185271228,0.918347664064994,0.303,1500
0.923116346386636,0.925370971149948,0.267,1500
0.932393819905948,0.930882421570578,0.233,1500
0.941764533584249,0.940967741718729,0.185,1500
0.951229424500714,0.951075315119379,0.137,1500
0.960789439152323,0.962674496453455,0.108,1500
0.970445533548508,0.969453394005116,0.089,1500
0.980198673306755,0.978969618471482,0.072,1500
0.990049833749168,0.991525946070457,0.053,1500
1,0.997259907252159,0.044,1500
0.606530659712633,0.606337639313112,1,1600
0.612626394184416,0.611257794799078,1,1600
0.618783391806141,0.617779705073973,1,1600
0.625002268282701,0.625611029346342,1,1600
0.631283645506926,0.630664691798624,1,1600
0.637628151621773,0.636916484265366,1,1600
0.644036421083141,0.644693886435254,1,1600
0.650509094723317,0.650519584829613,1,1600
0.657046819815057,0.657990040644022,1,1600
0.663650250136319,0.660947268550077,1,1600
0.670320046035639,0.668689243478258,1,1600
0.677056874498165,0.67530822578253,1,1600
0.683861409212356,0.68207984909821,1,1600
0.690734330637355,0.690287834018946,1,1600
0.697676326071031,0.698252872124979,1,1600
0.704688089718713,0.704592362844727,1,1600
0.71177032276261,0.709754293210469,1,1600
0.718923733431926,0.716673628341866,1,1600
0.726149037073691,0.726972862263276,1,1600
0.733446956224289,0.731154919345702,1,1600
0.740818220681718,0.74059375438997,1,1600
0.748263567578565,0.74623826717687,1,1600
0.755783741455725,0.756945590174027,0.998,1600
0.763379494336853,0.762136708093039,0.998,1600
0.771051585803566,0.770226779359786,0.992,1600
0.778800783071405,0.777835963105631,0.988,1600
0.786627861066553,0.785991683309346,0.991,1600
0.794533602503334,0.795728987486971,0.98,1600
0.802518797962479,0.802888322900483,0.968,1600
0.810584245970187,0.807888285441613,0.963,1600
0.818730753077982,0.81849632645931,0.939,1600
0.826959133943362,0.828504193496353,0.907,1600
0.835270211411272,0.835924314853038,0.875,1600
0.843664816596384,0.844962679650337,0.836,1600
0.852143788966211,0.852011494254434,0.81,1600
0.860707976425058,0.857713734438265,0.769,1600
0.869358235398806,0.868628908087783,0.703,1600
0.878095430920561,0.879273867308309,0.627,1600
0.886920436717158,0.886582317941605,0.578,1600
0.895834135296528,0.897882204532273,0.489,1600
0.90483741803596,0.902428356465142,0.449,1600
0.913931185271228,0.911619080209927,0.37,1600
0.923116346386636,0.924132460586113,0.309,1600
0.932393819905948,0.931662297488788,0.257,1600
0.941764533584249,0.941782878079699,0.197,1600
0.951229424500714,0.954205044228967,0.134,1600
0.960789439152323,0.96069170734537,0.115,1600
0.970445533548508,0.970499938836337,0.074,1600
0.980198673306755,0.97961524306996,0.061,1600
0.990049833749168,0.990278867683572,0.053,1600
1,0.999783809999685,0.059,1600
0.606530659712633,0.605186855387292,1,1700
0.612626394184416,0.612663582012542,1,1700
0.618783391806141,0.618723792291828,1,1700
0.625002268282701,0.626733339839066,1,1700
0.631283645506926,0.631723670097824,1,1700
0.637628151621773,0.636898486300487,1,1700
0.644036421083141,0.643172377603371,1,1700
0.650509094723317,0.647691672077061,1,1700
0.657046819815057,0.65772872325884,1,1700
0.663650250136319,0.661640479734323,1,1700
0.670320046035639,0.670287807079675,1,1700
0.677056874498165,0.677047300133995,1,1700
0.683861409212356,0.683773301333309,1,1700
0.690734330637355,0.689934090446106,1,1700
0.697676326071031,0.698133577867452,1,1700
0.704688089718713,0.704167255735955,1,1700
0.71177032276261,0.711585959678065,1,1700
0.718923733431926,0.716160719959374,1,1700
0.726149037073691,0.726595380331312,1,1700
0.733446956224289,0.732274486863993,1,1700
0.740818220681718,0.74085135364831,1,1700
0.748263567578565,0.747829663219736,1,1700
0.755783741455725,0.753569386085785,0.999,1700
0.763379494336853,0.761482610180234,0.999,1700
0.771051585803566,0.773954414050887,0.996,1700
0.778800783071405,0.779366651346756,0.995,1700
0.786627861066553,0.787394961404997,0.984,1700
0.794533602503334,0.796747786237792,0.98,1700
0.802518797962479,0.798761199049808,0.98,1700
0.810584245970187,0.808955014010377,0.97,1700
0.818730753077982,0.819396028760906,0.946,1700
0.826959133943362,0.826003520223162,0.935,1700
0.835270211411272,0.834664746748996,0.906,1700
0.843664816596384,0.84154681243175,0.89,1700
0.852143788966211,0.851841380849768,0.838,1700
0.860707976425058,0.862062899627389,0.76,1700
0.869358235398806,0.868178026624446,0.723,1700
0.878095430920561,0.878028692700013,0.652,1700
0.886920436717158,0.885772635571054,0.611,1700
0.895834135296528,0.898062849293443,0.511,1700
0.90483741803596,0.903984611054389,0.438,1700
0.913931185271228,0.912885324299728,0.39,1700
0.923116346386636,0.922361296079664,0.326,1700
0.932393819905948,0.932363573117999,0.254,1700
0.941764533584249,0.942661973084028,0.192,1700
0.951229424500714,0.950618760308693,0.162,1700
0.960789439152323,0.961490441722888,0.099,1700
0.970445533548508,0.969460189886855,0.091,1700
0.980198673306755,0.979226811735734,0.052,1700
0.990049833749168,0.990125214498199,0.043,1700
1,0.999370024120343,0.045,1700
0.606530659712633,0.606862999724936,1,1800
0.612626394184416,0.61260056965548,1,1800
0.618783391806141,0.617061716371878,1,1800
0.625002268282701,0.62373178402275,1,1800
0.631283645506926,0.630142105202966,1,1800
0.637628151621773,0.637858372250021,1,1800
0.644036421083141,0.643519881396941,1,1800
0.650509094723317,0.652590028165285,1,1800
0.657046819815057,0.656861183455393,1,1800
0.663650250136319,0.661929909973193,1,1800
0.670320046035639,0.670144203518086,1,1800
0.677056874498165,0.676675338610504,1,1800
0.683861409212356,0.68455277443462,1,1800
0.690734330637355,0.688979339619269,1,1800
0.697676326071031,0.697891676709702,1,1800
0.704688089718713,0.703608177888603,1,1800
0.71177032276261,0.7101009553275,1,1800
0.718923733431926,0.720026406910358,1,1800
0.726149037073691,0.726032885703236,1,1800
0.733446956224289,0.732106837296714,1,1800
0.740818220681718,0.74234125326305,0.999,1800
0.748263567578565,0.7483181837991,0.999,1800
0.755783741455725,0.756712183042558,0.999,1800
0.763379494336853,0.761796846902675,1,1800
0.771051585803566,0.772596638695667,0.996,1800
0.778800783071405,0.779424293901592,0.996,1800
0.786627861066553,0.78744489325555,0.992,1800
0.794533602503334,0.792324290588903,0.99,1800
0.802518797962479,0.803492777554635,0.984,1800
0.810584245970187,0.808766987135917,0.973,1800
0.818730753077982,0.820847743291718,0.952,1800
0.826959133943362,0.827820115743379,0.944,1800
0.835270211411272,0.835875161199336,0.908,1800
0.843664816596384,0.844709842127981,0.882,1800
0.852143788966211,0.852215944804952,0.849,1800
0.860707976425058,0.861722712641149,0.793,1800
0.869358235398806,0.867751683952949,0.746,1800
0.878095430920561,0.876904230388493,0.688,1800
0.886920436717158,0.885517713016754,0.605,1800
0.895834135296528,0.896670197910715,0.557,1800
0.90483741803596,0.9048656026212,0.448,1800
0.913931185271228,0.913300675303206,0.408,1800
0.923116346386636,0.92246101706908,0.346,1800
0.932393819905948,0.931470724566375,0.274,1800
0.941764533584249,0.939769892405358,0.217,1800
0.951229424500714,0.953528152568818,0.146,1800
0.960789439152323,0.959433175060034,0.112,1800
0.970445533548508,0.971027726331798,0.082,1800
0.980198673306755,0.980341462286324,0.071,1800
0.990049833749168,0.988960883243439,0.061,1800
1,1.00022133379231,0.046,1800
0.606530659712633,0.606946160186761,1,1900
0.612626394184416,0.613468389954435,1,1900
0.618783391806141,0.617334628200159,1,1900
0.625002268282701,0.624837322229977,1,1900
0.631283645506926,0.629958240290356,1,1900
0.637628151621773,0.639710681671962,1,1900
0.644036421083141,0.643951563719215,1,1900
0.650509094723317,0.650620783550313,1,1900
0.657046819815057,0.657292562195634,1,1900
0.663650250136319,0.665001936106437,1,1900
0.670320046035639,0.669685866162298,1,1900
0.677056874498165,0.678228617100796,1,1900
0.683861409212356,0.682716402082497,1,1900
0.690734330637355,0.692109421333648,1,1900
0.697676326071031,0.696431887422975,1,1900
0.704688089718713,0.70692615793476,1,1900
0.71177032276261,0.711420004544175,1,1900
0.718923733431926,0.718869365225863,1,1900
0.726149037073691,0.725627060329618,1,1900
0.733446956224289,0.733508268195268,1,1900
0.740818220681718,0.741168573218786,1,1900
0.748263567578565,0.745763915068546,0.999,1900
0.755783741455725,0.75743821606058,0.998,1900
0.763379494336853,0.761555803453096,1,1900
0.771051585803566,0.771934189878123,0.999,1900
0.778800783071405,0.777987251974063,0.998,1900
0.786627861066553,0.785971363050006,0.992,1900
0.794533602503334,0.795146419489153,0.99,1900
0.802518797962479,0.803293440853997,0.983,1900
0.810584245970187,0.809768819281804,0.98,1900
0.818730753077982,0.816836499187403,0.971,1900
0.826959133943362,0.826686604354927,0.943,1900
0.835270211411272,0.835411560646768,0.93,1900
0.843664816596384,0.841957471117228,0.909,1900
0.852143788966211,0.850361787037675,0.888,1900
0.860707976425058,0.859294087151838,0.83,1900
0.869358235398806,0.868739001719822,0.794,1900
0.878095430920561,0.878938138560334,0.701,1900
0.886920436717158,0.887058787107813,0.624,1900
0.895834135296528,0.895981196922371,0.578,1900
0.90483741803596,0.905545694631259,0.508,1900
0.913931185271228,0.913674228111756,0.407,1900
0.923116346386636,0.923405780207129,0.336,1900
0.932393819905948,0.9308523047413,0.299,1900
0.941764533584249,0.941075309679047,0.223,1900
0.951229424500714,0.954285328022693,0.158,1900
0.960789439152323,0.959422510710285,0.119,1900
0.970445533548508,0.970924190820171,0.088,1900
0.980198673306755,0.983497083363887,0.068,1900
0.990049833749168,0.990509403080867,0.059,1900
1,1.00021072146507,0.042,1900
0.606530659712633,0.605299134073158,1,2000
0.612626394184416,0.613041761274559,1,2000
0.618783391806141,0.619449733166805,1,2000
0.625002268282701,0.624579803718905,1,2000
0.631283645506926,0.631969972835264,1,2000
0.637628151621773,0.639471208686357,1,2000
0.644036421083141,0.642173025340835,1,2000
0.650509094723317,0.651564397660843,1,2000
0.657046819815057,0.657946211945882,1,2000
0.663650250136319,0.661672365260346,1,2000
0.670320046035639,0.672512333537529,1,2000
0.677056874498165,0.675515118336872,1,2000
0.683861409212356,0.683398888422667,1,2000
0.690734330637355,0.69146276279103,1,2000
0.697676326071031,0.698850347843159,1,2000
0.704688089718713,0.707840210459992,1,2000
0.71177032276261,0.712677200660837,1,2000
0.718923733431926,0.718441123676056,1,2000
0.726149037073691,0.727029187382866,1,2000
0.733446956224289,0.733560122397931,1,2000
0.740818220681718,0.738662908318899,1,2000
0.748263567578565,0.74869479221733,1,2000
0.755783741455725,0.755364607474466,1,2000
0.763379494336853,0.762005873023846,1,2000
0.771051585803566,0.770925155217494,1,2000
0.778800783071405,0.779479333411956,0.998,2000
0.786627861066553,0.785898968435085,0.995,2000
0.794533602503334,0.793401323007158,0.997,2000
0.802518797962479,0.800696423714518,0.989,2000
0.810584245970187,0.812698373537331,0.982,2000
0.818730753077982,0.820203488097857,0.97,2000
0.826959133943362,0.828831489387857,0.959,2000
0.835270211411272,0.832919378783854,0.943,2000
0.843664816596384,0.846054832130304,0.908,2000
0.852143788966211,0.854203165393763,0.879,2000
0.860707976425058,0.861066037682155,0.838,2000
0.869358235398806,0.868573762769984,0.808,2000
0.878095430920561,0.875285697280718,0.748,2000
0.886920436717158,0.886919033853904,0.654,2000
0.895834135296528,0.894739542836281,0.588,2000
0.90483741803596,0.906322114117916,0.487,2000
0.913931185271228,0.914330159003313,0.429,2000
0.923116346386636,0.924963717395654,0.345,2000
0.932393819905948,0.931892603431068,0.28,2000
0.941764533584249,0.940817075031992,0.243,2000
0.951229424500714,0.952419018641082,0.162,2000
0.960789439152323,0.962448564018002,0.123,2000
0.970445533548508,0.96752497206895,0.099,2000
0.980198673306755,0.979557016295021,0.076,2000
0.990049833749168,0.986874001905763,0.05,2000
1,1.00144001689905,0.044,2000
0.606530659712633,0.606344095995696,1,2100
0.612626394184416,0.611850618099679,1,2100
0.618783391806141,0.619398936599726,1,2100
0.625002268282701,0.626360061032647,1,2100
0.631283645506926,0.631879927397371,1,2100
0.637628151621773,0.636533729132497,1,2100
0.644036421083141,0.64500612713167,1,2100
0.650509094723317,0.649527006176425,1,2100
0.657046819815057,0.654807687609235,1,2100
0.663650250136319,0.661825574725973,1,2100
0.670320046035639,0.670691352170828,1,2100
0.677056874498165,0.678966467623159,1,2100
0.683861409212356,0.684542189713454,1,2100
0.690734330637355,0.68954093405914,1,2100
0.697676326071031,0.695431756313824,1,2100
0.704688089718713,0.702150272816929,1,2100
0.71177032276261,0.711965914084691,1,2100
0.718923733431926,0.718326773784862,1,2100
0.726149037073691,0.72572350596053,1,2100
0.733446956224289,0.733935275271333,1,2100
0.740818220681718,0.740968763259628,1,2100
0.748263567578565,0.749672292871299,1,2100
0.755783741455725,0.756413875324194,1,2100
0.763379494336853,0.763517060858733,1,2100
0.771051585803566,0.770323711964562,1,2100
0.778800783071405,0.779253385606259,0.999,2100
0.786627861066553,0.786319749129146,0.997,2100
0.794533602503334,0.794754693575687,0.996,2100
0.802518797962479,0.800177364494958,0.994,2100
0.810584245970187,0.810249196735279,0.985,2100
0.818730753077982,0.818411689938365,0.98,2100
0.826959133943362,0.826421979877537,0.97,2100
0.835270211411272,0.833233628763228,0.946,2100
0.843664816596384,0.843888914823407,0.921,2100
0.852143788966211,0.853092652207345,0.884,2100
0.860707976425058,0.860268453693375,0.862,2100
0.869358235398806,0.870749333654936,0.791,2100
0.878095430920561,0.877489740636439,0.766,2100
0.886920436717158,0.884775596308807,0.71,2100
0.895834135296528,0.897111436614775,0.598,2100
0.90483741803596,0.905134128933609,0.524,2100
0.913931185271228,0.912132868804696,0.499,2100
0.923116346386636,0.921640270653987,0.392,2100
0.932393819905948,0.932766352311919,0.293,2100
0.941764533584249,0.94009435675585,0.261,2100
0.951229424500714,0.950424397591449,0.174,2100
0.960789439152323,0.962129452337762,0.13,2100
0.970445533548508,0.971348504812841,0.101,2100
0.980198673306755,0.981521130681452,0.061,2100
0.990049833749168,0.990289593782889,0.046,2100
1,1.0023240736322,0.043,2100
0.606530659712633,0.605965892369776,1,2200
0.612626394184416,0.612047067042091,1,2200
0.618783391806141,0.620083157622452,1,2200
0.625002268282701,0.626350084010082,1,2200
0.631283645506926,0.631662643729263,1,2200
0.637628151621773,0.638022219437154,1,2200
0.644036421083141,0.643418729119295,1,2200
0.650509094723317,0.651824267135689,1,2200
0.657046819815057,0.656985838330967,1,2200
0.663650250136319,0.666790888779226,1,2200
0.670320046035639,0.668115713269057,1,2200
0.677056874498165,0.676770764219177,1,2200
0.683861409212356,0.683559758437903,1,2200
0.690734330637355,0.689435495033302,1,2200
0.697676326071031,0.696846944392704,1,2200
0.704688089718713,0.703482634873025,1,2200
0.71177032276261,0.711227877586857,1,2200
0.718923733431926,0.718059181831657,1,2200
0.726149037073691,0.72463229209717,1,2200
0.733446956224289,0.733860820493041,1,2200
0.740818220681718,0.740588632937215,1,2200
0.748263567578565,0.750632039043844,1,2200
0.755783741455725,0.754441283111712,1,2200
0.763379494336853,0.762070917249849,1,2200
0.771051585803566,0.770910263113609,1,2200
0.778800783071405,0.778714691337122,0.998,2200
0.786627861066553,0.787510331961869,0.996,2200
0.794533602503334,0.794493666641671,0.998,2200
0.802518797962479,0.802146918703655,0.995,2200
0.810584245970187,0.808722056439542,0.997,2200
0.818730753077982,0.818614348468758,0.985,2200
0.826959133943362,0.826989838989035,0.977,2200
0.835270211411272,0.837192816643278,0.962,2200
0.843664816596384,0.843314051730355,0.923,2200
0.852143788966211,0.85277328973873,0.902,2200
0.860707976425058,0.859727836141884,0.878,2200
0.869358235398806,0.870139629459547,0.815,2200
0.878095430920561,0.877230539286674,0.767,2200
0.886920436717158,0.885728040626467,0.713,2200
0.895834135296528,0.895100401817759,0.651,2200
0.90483741803596,0.90393673305643,0.568,2200
0.913931185271228,0.914913481803606,0.453,2200
0.923116346386636,0.924157387596117,0.377,2200
0.932393819905948,0.933486211928585,0.29,2200
0.941764533584249,0.943644317992526,0.231,2200
0.951229424500714,0.950469724099522,0.192,2200
0.960789439152323,0.959522162197125,0.168,2200
0.970445533548508,0.972371045801127,0.094,2200
0.980198673306755,0.97810465133998,0.079,2200
0.990049833749168,0.98891006186216,0.062,2200
1,1.00132987460073,0.052,2200
0.606530659712633,0.604629284697937,1,2300
0.612626394184416,0.611467820384484,1,2300
0.618783391806141,0.617902068407381,1,2300
0.625002268282701,0.625797853245349,1,2300
0.631283645506926,0.630638050481822,1,2300
0.637628151621773,0.635807704797347,1,2300
0.644036421083141,0.643146167622176,1,2300
0.650509094723317,0.651846634225463,1,2300
0.657046819815057,0.655682404152825,1,2300
0.663650250136319,0.663505891227192,1,2300
0.670320046035639,0.668971521530003,1,2300
0.677056874498165,0.675647341713659,1,2300
0.683861409212356,0.684218324745938,1,2300
0.690734330637355,0.690755337191524,1,2300
0.697676326071031,0.697597151151725,1,2300
0.704688089718713,0.702894264130128,1,2300
0.71177032276261,0.710787189203402,1,2300
0.718923733431926,0.717352151751183,1,2300
0.726149037073691,0.726243545145627,1,2300
0.733446956224289,0.733712517717289,1,2300
0.740818220681718,0.740849397793182,1,2300
0.748263567578565,0.74714373173048,1,2300
0.755783741455725,0.755525127410287,1,2300
0.763379494336853,0.761749187788988,1,2300
0.771051585803566,0.77131402877159,1,2300
0.778800783071405,0.778772946624323,0.999,2300
0.786627861066553,0.789076977770798,1,2300
0.794533602503334,0.793961118742229,0.995,2300
0.802518797962479,0.803795445550629,0.992,2300
0.810584245970187,0.809877575032996,0.99,2300
0.818730753077982,0.816980684146184,0.984,2300
0.826959133943362,0.828914306195579,0.982,2300
0.835270211411272,0.835513152702149,0.963,2300
0.843664816596384,0.842772931780573,0.953,2300
0.852143788966211,0.852722867482738,0.916,2300
0.860707976425058,0.86109131974345,0.886,2300
0.869358235398806,0.86987168440467,0.848,2300
0.878095430920561,0.878040089728656,0.795,2300
0.886920436717158,0.888295966946918,0.718,2300
0.895834135296528,0.893833639319391,0.638,2300
0.90483741803596,0.90410152619297,0.573,2300
0.913931185271228,0.913253782324313,0.475,2300
0.923116346386636,0.92221599511693,0.424,2300
0.932393819905948,0.933415636212262,0.302,2300
0.941764533584249,0.941540726528699,0.265,2300
0.951229424500714,0.952648541581809,0.193,2300
0.960789439152323,0.958981647575819,0.151,2300
0.970445533548508,0.974356778704603,0.089,2300
0.980198673306755,0.981942608658976,0.068,2300
0.990049833749168,0.99091264353912,0.059,2300
1,1.00246016501869,0.042,2300
0.606530659712633,0.607455201711378,1,2400
0.612626394184416,0.611848240939887,1,2400
0.618783391806141,0.619159407148364,1,2400
0.625002268282701,0.624923198586019,1,2400
0.631283645506926,0.631256717855729,1,2400
0.637628151621773,0.637399257651227,1,2400
0.644036421083141,0.645786869694851,1,2400
0.650509094723317,0.649798068212947,1,2400
0.657046819815057,0.658192461321138,1,2400
0.663650250136319,0.664808697603681,1,2400
0.670320046035639,0.668605259151451,1,2400
0.677056874498165,0.674765948900373,1,2400
0.683861409212356,0.683422228082343,1,2400
0.690734330637355,0.690225719713732,1,2400
0.697676326071031,0.697625263075618,1,2400
0.704688089718713,0.703665485428306,1,2400
0.71177032276261,0.710937814620729,1,2400
0.718923733431926,0.718395365231354,1,2400
0.726149037073691,0.724805552390394,1,2400
0.733446956224289,0.735085477213871,1,2400
0.740818220681718,0.740335835830839,1,2400
0.748263567578565,0.749237149352147,1,2400
0.755783741455725,0.755733299411932,1,2400
0.763379494336853,0.76503706061302,1,2400
0.771051585803566,0.771353401562621,1,2400
0.778800783071405,0.780902894618939,0.997,2400
0.786627861066553,0.786777283009903,1,2400
0.794533602503334,0.795524247293869,0.999,2400
0.802518797962479,0.803057643475308,0.997,2400
0.810584245970187,0.81117774866941,0.993,2400
0.818730753077982,0.818994230669151,0.989,2400
0.826959133943362,0.829934104785365,0.984,2400
0.835270211411272,0.834850681594496,0.965,2400
0.843664816596384,0.843557722438141,0.963,2400
0.852143788966211,0.851474045855367,0.947,2400
0.860707976425058,0.857684734798923,0.907,2400
0.869358235398806,0.869060625367831,0.867,2400
0.878095430920561,0.878019426352361,0.814,2400
0.886920436717158,0.888627972293859,0.735,2400
0.895834135296528,0.898020742242853,0.642,2400
0.90483741803596,0.905885672341349,0.585,2400
0.913931185271228,0.915674071071542,0.482,2400
0.923116346386636,0.923375108897616,0.418,2400
0.932393819905948,0.932766105373618,0.327,2400
0.941764533584249,0.943565618211034,0.226,2400
0.951229424500714,0.95087668782085,0.203,2400
0.960789439152323,0.962548185325232,0.139,2400
0.970445533548508,0.971575792415034,0.11,2400
0.980198673306755,0.980015212179323,0.074,2400
0.990049833749168,0.988627757709601,0.055,2400
1,1.00071263318501,0.061,2400
0.606530659712633,0.605651926636257,1,2500
0.612626394184416,0.612550838023911,1,2500
0.618783391806141,0.61778769387712,1,2500
0.625002268282701,0.625092889290455,1,2500
0.631283645506926,0.631211843470738,1,2500
0.637628151621773,0.637495143235099,1,2500
0.644036421083141,0.644324591140306,1,2500
0.650509094723317,0.650677599588578,1,2500
0.657046819815057,0.656821277432209,1,2500
0.663650250136319,0.662770152758901,1,2500
0.670320046035639,0.669753537454649,1,2500
0.677056874498165,0.676195652084124,1,2500
0.683861409212356,0.682872050329239,1,2500
0.690734330637355,0.692524117931837,1,2500
0.697676326071031,0.698022775487816,1,2500
0.704688089718713,0.703380747451127,1,2500
0.71177032276261,0.711575370853983,1,2500
0.718923733431926,0.718610680381509,1,2500
0.726149037073691,0.727463212625853,1,2500
0.733446956224289,0.731978950433075,1,2500
0.740818220681718,0.740785682696623,1,2500
0.748263567578565,0.748276722975587,1,2500
0.755783741455725,0.754795082452547,1,2500
0.763379494336853,0.7630355412208,1,2500
0.771051585803566,0.771731070543482,1,2500
0.778800783071405,0.779129226967695,1,2500
0.786627861066553,0.787276295251054,0.999,2500
0.794533602503334,0.794896714333429,0.998,2500
0.802518797962479,0.801386571935175,0.999,2500
0.810584245970187,0.810359534479573,0.993,2500
0.818730753077982,0.819600244625645,0.992,2500
0.826959133943362,0.826689200782469,0.988,2500
0.835270211411272,0.834514240168277,0.98,2500
0.843664816596384,0.842954489876208,0.957,2500
0.852143788966211,0.852072866733871,0.939,2500
0.860707976425058,0.860932507287744,0.913,2500
0.869358235398806,0.868311952196034,0.886,2500
0.878095430920561,0.878009104251479,0.812,2500
0.886920436717158,0.88518852401086,0.774,2500
0.895834135296528,0.896000344659304,0.679,2500
0.90483741803596,0.903725967190378,0.629,2500
0.913931185271228,0.915709746936144,0.51,2500
0.923116346386636,0.922534687174745,0.434,2500
0.932393819905948,0.935360803822161,0.324,2500
0.941764533584249,0.941034667765359,0.287,2500
0.951229424500714,0.953801708847663,0.184,2500
0.960789439152323,0.960959035266828,0.159,2500
0.970445533548508,0.96947724428135,0.104,2500
0.980198673306755,0.979882401648444,0.069,2500
0.990049833749168,0.990432174151289,0.064,2500
1,0.999228796571287,0.054,2500
